id,class_name,b_1,b_2,b_3,b_4,b_5,b_6
1,Bare_Soil,660,971,1205,1979,3294,2851
1,Bare_Soil,693,1006,1261,2012,3271,2851
1,Bare_Soil,644,1040,1317,2045,3317,2916
1,Bare_Soil,693,1040,1317,2045,3339,2948
1,Bare_Soil,677,1074,1345,2112,3408,3046
1,Bare_Soil,709,1108,1373,2078,3385,3046
1,Bare_Soil,727,1047,1235,2110,3107,2621
1,Bare_Soil,743,1081,1348,2110,3153,2751
1,Bare_Soil,694,979,1151,2044,3107,2523
1,Bare_Soil,743,1047,1264,2044,3176,2751
1,Bare_Soil,677,1013,1151,2044,3062,2523
1,Bare_Soil,694,1013,1151,2011,3062,2555
1,Bare_Soil,825,1286,1627,2408,3474,3011
1,Bare_Soil,792,1252,1488,2408,3405,2914
1,Bare_Soil,825,1286,1656,2408,3544,3011
1,Bare_Soil,841,1286,1600,2474,3474,2947
1,Bare_Soil,857,1321,1656,2474,3520,3043
1,Bare_Soil,857,1321,1656,2508,3520,3043
1,Bare_Soil,644,1013,1179,2109,3082,2424
1,Bare_Soil,677,979,1179,2043,3013,2359
1,Bare_Soil,677,1013,1179,2076,2990,2228
1,Bare_Soil,661,1013,1122,2043,3059,2294
1,Bare_Soil,661,978,1150,2076,2899,2164
1,Bare_Soil,710,978,1122,2109,2990,2294
1,Bare_Soil,906,1250,1458,2306,3423,2650
1,Bare_Soil,987,1250,1485,2273,3514,2748
1,Bare_Soil,906,1284,1485,2273,3491,2682
1,Bare_Soil,921,1250,1458,2306,3514,2748
1,Bare_Soil,906,1250,1485,2273,3400,2650
1,Bare_Soil,938,1284,1458,2273,3491,2682
1,Bare_Soil,841,1256,1487,2633,3692,2646
1,Bare_Soil,841,1222,1432,2600,3692,2646
1,Bare_Soil,824,1188,1432,2567,3737,2646
1,Bare_Soil,857,1222,1432,2534,3760,2679
1,Bare_Soil,824,1188,1432,2567,3556,2516
1,Bare_Soil,840,1188,1403,2567,3600,2613
1,Bare_Soil,830,1074,1287,2039,3260,2485
1,Bare_Soil,813,1074,1259,2006,3100,2323
1,Bare_Soil,797,1142,1286,2039,3214,2453
1,Bare_Soil,797,1108,1259,2006,3100,2355
1,Bare_Soil,797,1142,1286,2138,3145,2419
1,Bare_Soil,846,1142,1286,2072,3123,2290
1,Bare_Soil,835,1290,1466,2388,3677,2925
1,Bare_Soil,867,1256,1466,2388,3654,2861
1,Bare_Soil,867,1290,1522,2421,3722,2957
1,Bare_Soil,851,1256,1495,2421,3722,2990
1,Bare_Soil,851,1290,1550,2421,3768,3054
1,Bare_Soil,867,1290,1550,2421,3745,2990
1,Bare_Soil,866,1255,1494,2289,3540,2796
1,Bare_Soil,915,1323,1606,2355,3608,2990
1,Bare_Soil,866,1289,1522,2322,3472,2796
1,Bare_Soil,899,1357,1633,2355,3585,2990
1,Bare_Soil,866,1289,1550,2322,3563,2925
1,Bare_Soil,915,1323,1606,2322,3608,3022
1,Bare_Soil,829,1185,1437,2222,3469,2762
1,Bare_Soil,797,1185,1409,2156,3446,2729
1,Bare_Soil,813,1219,1382,2189,3446,2729
1,Bare_Soil,764,1185,1382,2123,3356,2665
1,Bare_Soil,764,1185,1353,2156,3401,2600
1,Bare_Soil,748,1151,1326,2123,3310,2600
1,Bare_Soil,817,1254,1437,2549,3535,2664
1,Bare_Soil,849,1254,1493,2713,3558,2728
1,Bare_Soil,817,1185,1409,2385,3445,2664
1,Bare_Soil,784,1219,1464,2484,3490,2728
1,Bare_Soil,849,1254,1493,2418,3535,2793
1,Bare_Soil,833,1254,1493,2451,3650,2825
1,Bare_Soil,810,1157,1358,2030,3568,2639
1,Bare_Soil,810,1157,1414,2096,3635,2832
1,Bare_Soil,744,1055,1247,1865,3249,2380
1,Bare_Soil,760,1055,1247,1865,3408,2413
1,Bare_Soil,777,1123,1330,1931,3385,2574
1,Bare_Soil,777,1055,1302,1931,3318,2574
1,Bare_Soil,630,961,1028,2196,2887,1863
1,Bare_Soil,680,961,999,2196,2909,1831
1,Bare_Soil,680,961,1028,2163,2909,1961
1,Bare_Soil,646,927,999,2163,2818,1767
1,Bare_Soil,646,961,1028,2229,2978,1929
1,Bare_Soil,646,927,1028,2196,2864,1799
1,Bare_Soil,652,1000,1115,2467,3190,2160
1,Bare_Soil,669,1034,1115,2401,3304,2289
1,Bare_Soil,669,1000,1143,2533,3236,2289
1,Bare_Soil,669,1034,1087,2434,3304,2257
1,Bare_Soil,652,966,1087,2566,3259,2355
1,Bare_Soil,652,1000,1087,2401,3350,2322
1,Bare_Soil,563,866,893,2200,2686,1608
1,Bare_Soil,547,866,864,2200,2708,1608
1,Bare_Soil,530,866,864,2233,2617,1477
1,Bare_Soil,530,866,864,2200,2686,1543
1,Bare_Soil,579,832,836,2233,2594,1445
1,Bare_Soil,612,832,864,2233,2640,1477
1,Bare_Soil,1056,1677,2284,3320,3506,3032
1,Bare_Soil,1073,1678,2284,3320,3484,3000
1,Bare_Soil,1089,1881,2783,3517,3895,3324
1,Bare_Soil,1154,1814,2672,3451,3780,3291
1,Bare_Soil,1218,1949,2783,3714,4146,3777
1,Bare_Soil,1121,1779,2450,3616,3803,3356
1,Bare_Soil,758,1121,1266,2608,3221,2133
1,Bare_Soil,742,1155,1209,2641,3244,2101
1,Bare_Soil,774,1155,1238,2641,3244,2133
1,Bare_Soil,758,1087,1182,2740,3175,2036
1,Bare_Soil,758,1121,1238,2641,3198,2165
1,Bare_Soil,758,1087,1182,2608,3152,2100
1,Bare_Soil,687,1057,1099,2537,2758,1740
1,Bare_Soil,687,1023,1155,2504,2826,1772
1,Bare_Soil,670,1023,1099,2537,2735,1708
1,Bare_Soil,720,1023,1126,2503,2804,1805
1,Bare_Soil,670,1057,1126,2503,2781,1837
1,Bare_Soil,703,1057,1126,2536,2804,1869
1,Bare_Soil,894,1219,1432,2341,3814,2976
1,Bare_Soil,861,1253,1460,2374,3883,3041
1,Bare_Soil,943,1253,1487,2407,3746,2976
1,Bare_Soil,910,1219,1460,2407,3676,2911
1,Bare_Soil,927,1287,1515,2506,3722,2943
1,Bare_Soil,861,1253,1460,2440,3699,2911
1,Bare_Soil,547,791,888,2166,2821,1833
1,Bare_Soil,514,859,888,2166,2753,1769
1,Bare_Soil,580,791,944,2133,2889,1898
1,Bare_Soil,563,825,888,2166,2753,1801
1,Bare_Soil,547,791,944,2198,2799,1833
1,Bare_Soil,547,791,917,2198,2730,1833
1,Bare_Soil,636,931,1031,1970,2914,1963
1,Bare_Soil,636,965,1087,2168,2960,2029
1,Bare_Soil,636,931,1031,1970,2914,1931
1,Bare_Soil,636,965,1031,2036,2891,1963
1,Bare_Soil,636,931,1002,1970,2823,1867
1,Bare_Soil,636,897,1002,1937,2800,1834
1,Bare_Soil,673,958,1027,2164,2888,1995
1,Bare_Soil,657,924,1027,2131,2796,1832
1,Bare_Soil,689,1028,1110,2230,3048,2027
1,Bare_Soil,689,958,1055,2131,2865,1897
1,Bare_Soil,707,1062,1195,2329,3161,2220
1,Bare_Soil,707,994,1055,2230,2979,2059
1,Bare_Soil,773,1130,1278,1932,2954,2089
1,Bare_Soil,806,1164,1306,1998,2931,1992
1,Bare_Soil,741,1130,1250,2327,3318,2218
1,Bare_Soil,757,1130,1250,2031,3000,2057
1,Bare_Soil,724,1028,1194,2261,3318,2218
1,Bare_Soil,773,1096,1221,2327,3363,2218
1,Bare_Soil,1181,1708,2225,2692,3526,3515
1,Bare_Soil,1131,1843,2364,2823,3800,3839
1,Bare_Soil,1033,1572,2059,2429,3299,3256
1,Bare_Soil,1000,1606,1975,2330,3139,3223
1,Bare_Soil,1099,1741,2225,2528,3663,3676
1,Bare_Soil,1000,1538,1975,2231,2957,2998
1,Bare_Soil,714,1001,1216,1748,2418,2099
1,Bare_Soil,714,1069,1273,1748,2418,2067
1,Bare_Soil,698,1069,1273,1748,2441,2131
1,Bare_Soil,681,1103,1300,1814,2532,2131
1,Bare_Soil,714,1069,1300,1814,2486,2163
1,Bare_Soil,747,1103,1356,2012,2715,2228
1,Bare_Soil,1002,1473,1785,2533,3763,3036
1,Bare_Soil,1002,1438,1812,2566,3763,3102
1,Bare_Soil,969,1474,1785,2533,3740,3069
1,Bare_Soil,969,1438,1785,2533,3785,3134
1,Bare_Soil,970,1474,1757,2533,3717,3036
1,Bare_Soil,1019,1439,1757,2500,3762,3102
1,Bare_Soil,725,1055,1248,1801,2683,2027
1,Bare_Soil,725,1020,1248,1768,2729,1994
1,Bare_Soil,758,1089,1248,1768,2752,2091
1,Bare_Soil,742,1020,1192,1702,2638,1962
1,Bare_Soil,808,1089,1275,1735,2798,2091
1,Bare_Soil,725,986,1135,1636,2615,1962
1,Bare_Soil,814,1151,1460,2307,3515,2846
1,Bare_Soil,748,1219,1403,2406,3470,2846
1,Bare_Soil,765,1116,1376,2274,3493,2878
1,Bare_Soil,765,1151,1376,2373,3470,2780
1,Bare_Soil,748,1082,1347,2274,3470,2812
1,Bare_Soil,732,1116,1347,2307,3447,2846
1,Bare_Soil,697,1102,1313,2341,3404,2394
1,Bare_Soil,763,1102,1369,2241,3612,2654
1,Bare_Soil,763,1136,1369,2341,3542,2557
1,Bare_Soil,779,1136,1340,2175,3588,2686
1,Bare_Soil,746,1136,1425,2275,3588,2622
1,Bare_Soil,812,1170,1397,2142,3565,2849
1,Bare_Soil,885,1343,1675,2830,3921,3100
1,Bare_Soil,869,1411,1675,2895,3966,3132
1,Bare_Soil,869,1377,1675,2830,3944,3165
1,Bare_Soil,869,1343,1620,2830,3944,3068
1,Bare_Soil,852,1343,1675,2863,3966,3197
1,Bare_Soil,885,1343,1647,2830,4012,3197
1,Bare_Soil,689,925,1027,2034,2570,1769
1,Bare_Soil,689,993,1111,1935,2707,1899
1,Bare_Soil,689,959,1083,1968,2593,1737
1,Bare_Soil,706,1027,1111,1968,2730,1899
1,Bare_Soil,689,993,1140,2001,2684,1866
1,Bare_Soil,722,1027,1111,2034,2662,1866
1,Bare_Soil,1060,1451,1707,2504,3606,2877
1,Bare_Soil,930,1348,1595,2438,3514,2714
1,Bare_Soil,1060,1586,1986,2768,3697,3169
1,Bare_Soil,1027,1451,1762,2603,3560,2877
1,Bare_Soil,1076,1552,1930,2735,3788,3266
1,Bare_Soil,1027,1552,1874,2636,3628,3007
2,Vegetation,391,598,532,2476,1713,997
2,Vegetation,424,633,645,2145,1644,997
2,Vegetation,358,564,504,2377,1644,1063
2,Vegetation,374,530,532,2079,1575,1029
2,Vegetation,407,633,617,2079,1713,1095
2,Vegetation,325,495,475,2244,1345,802
2,Vegetation,478,731,698,2705,2169,1256
2,Vegetation,494,695,754,2441,2307,1549
2,Vegetation,412,627,528,3531,1757,899
2,Vegetation,395,661,613,3267,1986,1126
2,Vegetation,494,731,698,3432,1665,1094
2,Vegetation,379,661,557,3795,1734,931
2,Vegetation,366,670,589,3035,2031,1060
2,Vegetation,416,636,562,3002,2054,1158
2,Vegetation,350,499,449,2374,1482,768
2,Vegetation,301,465,393,2209,1321,736
2,Vegetation,284,430,365,2044,978,541
2,Vegetation,284,430,393,1745,1023,573
2,Vegetation,310,468,338,1879,1069,606
2,Vegetation,294,468,394,1679,1046,573
2,Vegetation,327,468,451,1547,1069,670
2,Vegetation,310,434,367,1448,978,573
2,Vegetation,294,400,367,1448,978,573
2,Vegetation,327,468,394,1448,978,573
2,Vegetation,354,554,442,3718,1592,734
2,Vegetation,322,554,413,3718,1615,702
2,Vegetation,354,588,413,3718,1547,670
2,Vegetation,338,519,413,3849,1501,604
2,Vegetation,372,588,413,4145,1592,670
2,Vegetation,338,554,413,4013,1615,670
2,Vegetation,372,614,437,4332,2181,927
2,Vegetation,372,614,437,4430,2226,959
2,Vegetation,389,614,437,4299,2181,959
2,Vegetation,340,614,437,4332,2181,959
2,Vegetation,372,614,493,4200,2158,927
2,Vegetation,372,614,409,4200,2091,895
2,Vegetation,375,650,689,1999,1998,1185
2,Vegetation,441,650,633,1966,1771,1088
2,Vegetation,491,718,774,2130,2112,1314
2,Vegetation,474,718,745,2032,2158,1249
2,Vegetation,474,753,774,2163,2271,1346
2,Vegetation,507,753,774,2065,2135,1378
2,Vegetation,274,424,362,1444,977,604
2,Vegetation,323,460,446,1543,1068,604
2,Vegetation,291,424,362,1543,1045,638
2,Vegetation,341,460,446,1477,1114,702
2,Vegetation,291,424,390,1609,931,540
2,Vegetation,291,424,418,1576,1091,670
2,Vegetation,326,468,422,2111,1321,704
2,Vegetation,326,468,422,1879,1184,638
2,Vegetation,310,503,451,1912,1229,704
2,Vegetation,293,503,451,1780,1184,768
2,Vegetation,343,503,422,1846,1275,768
2,Vegetation,326,468,422,1813,1138,671
2,Vegetation,311,467,420,2770,1182,540
2,Vegetation,343,502,364,2704,1182,572
2,Vegetation,328,467,421,2837,1205,540
2,Vegetation,328,467,421,2770,1182,572
2,Vegetation,312,433,393,2704,1251,540
2,Vegetation,295,467,393,2605,1182,540
2,Vegetation,670,992,1307,2202,2939,2388
2,Vegetation,636,1026,1307,2202,2779,2257
2,Vegetation,636,958,1252,2169,2802,2290
2,Vegetation,587,924,1140,2103,2642,2096
2,Vegetation,703,1130,1643,2432,3419,2712
2,Vegetation,652,1061,1476,2334,3282,2712
2,Vegetation,395,622,635,1743,1571,1060
2,Vegetation,411,621,635,1709,1777,1222
2,Vegetation,411,622,720,1876,1753,1190
2,Vegetation,428,621,664,1876,1822,1255
2,Vegetation,411,587,635,1909,1776,1222
2,Vegetation,377,621,635,1976,1868,1190
2,Vegetation,460,676,574,4295,2180,990
2,Vegetation,493,711,601,4131,2293,1217
2,Vegetation,426,711,545,4458,2020,893
2,Vegetation,442,642,545,4556,1974,926
2,Vegetation,410,711,574,4458,2065,861
2,Vegetation,426,642,518,4654,2065,893
2,Vegetation,342,521,526,1838,1157,669
2,Vegetation,326,452,414,1871,997,604
2,Vegetation,309,452,470,1739,1249,701
2,Vegetation,310,452,441,1937,1203,637
2,Vegetation,326,486,441,1772,1157,669
2,Vegetation,310,486,441,2235,1477,766
2,Vegetation,381,601,533,2276,1641,866
2,Vegetation,381,601,533,2375,1687,898
2,Vegetation,365,498,477,2210,1527,898
2,Vegetation,414,670,618,2342,1641,996
2,Vegetation,365,532,477,1746,1550,1060
2,Vegetation,480,636,702,1845,1664,1126
2,Vegetation,310,430,418,1547,1114,703
2,Vegetation,293,430,390,1580,1091,736
2,Vegetation,260,396,418,1481,1114,639
2,Vegetation,294,430,390,1514,999,605
2,Vegetation,260,465,446,1448,1068,639
2,Vegetation,294,431,390,1448,976,605
2,Vegetation,460,599,588,1974,1548,929
2,Vegetation,476,633,645,1908,1731,1059
2,Vegetation,411,599,560,1875,1502,929
2,Vegetation,460,599,588,1842,1616,1059
2,Vegetation,394,565,560,1842,1616,1027
2,Vegetation,443,599,560,1809,1548,929
2,Vegetation,250,420,357,1706,929,507
2,Vegetation,267,385,357,1640,906,474
2,Vegetation,249,419,330,1607,906,474
2,Vegetation,249,385,357,1574,814,442
2,Vegetation,315,453,442,1540,1088,701
2,Vegetation,266,384,357,1574,906,507
2,Vegetation,411,675,676,2338,1799,1059
2,Vegetation,378,539,592,2107,1754,1124
2,Vegetation,378,607,564,2305,1731,1059
2,Vegetation,362,573,564,2206,1685,961
2,Vegetation,347,573,536,2008,1479,929
2,Vegetation,362,539,536,2008,1639,994
2,Vegetation,422,648,493,4945,2224,861
2,Vegetation,422,648,549,4945,2201,861
2,Vegetation,406,648,521,4914,2201,893
2,Vegetation,422,682,549,4914,2269,893
2,Vegetation,406,682,549,4848,2269,893
2,Vegetation,439,682,577,4717,2314,926
2,Vegetation,336,587,469,2959,1774,863
2,Vegetation,320,553,469,2762,1706,863
2,Vegetation,354,553,469,2926,1911,896
2,Vegetation,336,553,469,2827,1820,896
2,Vegetation,336,553,497,2926,2025,928
2,Vegetation,354,553,497,2762,1820,960
2,Vegetation,513,850,826,4167,2544,1443
2,Vegetation,464,850,714,4494,2544,1475
2,Vegetation,348,609,489,4854,2157,959
2,Vegetation,398,644,489,4756,2089,926
2,Vegetation,646,884,826,4298,2476,1508
2,Vegetation,580,850,658,4494,2385,1508
2,Vegetation,409,685,691,2790,2341,1412
2,Vegetation,508,719,803,2460,2204,1412
2,Vegetation,376,616,550,2658,2158,1249
2,Vegetation,425,582,606,2691,2067,1217
2,Vegetation,459,719,803,2263,2318,1573
2,Vegetation,443,685,718,2394,2272,1444
2,Vegetation,284,481,409,1871,1043,571
2,Vegetation,300,446,409,2003,1043,571
2,Vegetation,284,480,409,1771,952,539
2,Vegetation,300,446,409,1937,997,571
2,Vegetation,283,411,382,1804,1020,571
2,Vegetation,316,549,438,2432,1431,734
2,Vegetation,460,737,729,2932,2120,1091
2,Vegetation,460,737,673,3064,2143,1157
2,Vegetation,411,634,560,3360,1846,865
2,Vegetation,444,668,589,3426,1846,930
2,Vegetation,362,634,447,3624,1709,865
2,Vegetation,411,668,532,3559,1686,832
2,Vegetation,518,792,580,5019,2659,1347
2,Vegetation,567,826,776,4038,2409,1347
2,Vegetation,469,758,609,5116,2614,1250
2,Vegetation,518,792,749,4659,2499,1283
2,Vegetation,535,792,749,4528,2499,1380
2,Vegetation,469,792,637,4920,2455,1185
2,Vegetation,547,815,769,2720,2178,1248
2,Vegetation,382,506,545,1665,1335,764
2,Vegetation,514,747,742,2325,1790,1151
2,Vegetation,348,575,601,1732,1313,828
2,Vegetation,482,747,742,2358,1882,958
2,Vegetation,498,747,713,2226,1996,1054
2,Vegetation,372,657,498,4799,2277,961
2,Vegetation,354,657,469,4930,2322,928
2,Vegetation,404,691,582,4603,2459,1058
2,Vegetation,388,691,554,4734,2459,1058
2,Vegetation,388,691,582,4603,2414,1123
2,Vegetation,370,657,554,4766,2345,1090
2,Vegetation,369,603,646,1943,1800,1125
2,Vegetation,352,534,533,1877,1617,1027
2,Vegetation,402,603,590,1877,1755,1157
2,Vegetation,352,568,562,1910,1686,1059
2,Vegetation,369,534,533,1910,1640,1059
2,Vegetation,336,534,506,1910,1435,865
2,Vegetation,394,580,595,2010,1913,1319
2,Vegetation,362,546,511,1910,1365,865
2,Vegetation,427,648,651,2009,1799,1221
2,Vegetation,361,546,539,1976,1433,930
2,Vegetation,378,579,539,2174,1547,930
2,Vegetation,361,545,511,2108,1387,865
2,Vegetation,353,465,421,1610,1158,702
2,Vegetation,336,465,421,1643,1204,767
2,Vegetation,320,499,421,1808,1181,702
2,Vegetation,287,465,421,1742,1181,670
2,Vegetation,287,430,393,1676,976,572
2,Vegetation,271,431,393,1610,1136,670
2,Vegetation,308,561,388,3433,1802,801
2,Vegetation,324,561,416,3400,1756,833
2,Vegetation,308,561,416,3301,1779,833
2,Vegetation,340,561,444,3203,1871,899
2,Vegetation,324,631,444,3137,1894,899
2,Vegetation,357,561,443,3236,1894,899
2,Vegetation,515,808,787,2143,2351,1742
2,Vegetation,450,774,787,2407,2214,1548
2,Vegetation,482,740,787,2407,2259,1450
2,Vegetation,433,670,618,2506,1870,1158
2,Vegetation,351,500,450,2010,1412,898
2,Vegetation,335,500,505,1844,1206,703
3,Water,202,182,164,184,154,118
3,Water,202,251,164,184,154,86
3,Water,186,216,164,184,200,184
3,Water,220,216,192,184,177,118
3,Water,236,285,164,151,177,184
3,Water,203,251,192,184,177,152
3,Water,211,220,165,118,63,86
3,Water,177,220,165,218,131,216
3,Water,195,255,165,118,108,118
3,Water,211,186,165,218,108,118
3,Water,211,255,223,185,200,86
3,Water,245,221,165,185,177,118
3,Water,269,250,192,217,131,86
3,Water,220,251,192,217,131,86
3,Water,285,285,220,217,154,54
3,Water,220,285,192,184,154,118
3,Water,269,251,192,217,154,86
3,Water,252,251,192,184,108,86
3,Water,245,221,194,185,154,152
3,Water,212,221,194,185,200,118
3,Water,245,255,194,152,177,118
3,Water,230,255,194,185,177,152
3,Water,261,255,223,218,200,152
3,Water,230,256,166,152,200,118
3,Water,208,251,190,181,176,118
3,Water,208,217,161,148,199,151
3,Water,225,251,190,182,153,184
3,Water,225,286,219,182,199,184
3,Water,242,217,190,182,222,184
3,Water,225,320,190,148,130,118
3,Water,206,225,169,219,153,118
3,Water,222,260,196,219,130,150
3,Water,189,260,196,219,199,150
3,Water,222,225,196,252,222,183
3,Water,255,260,196,186,244,216
3,Water,255,260,252,252,176,183
3,Water,222,190,140,186,61,54
3,Water,188,190,140,119,84,86
3,Water,172,190,140,119,84,54
3,Water,172,190,140,119,107,-9
3,Water,188,190,111,186,16,-42
3,Water,172,190,111,153,84,54
3,Water,271,362,252,285,244,183
3,Water,304,396,365,749,450,377
3,Water,271,362,252,319,221,248
3,Water,304,397,365,649,473,345
3,Water,271,362,336,351,267,216
3,Water,304,362,336,417,290,216
3,Water,214,332,255,618,359,216
3,Water,263,400,338,1446,861,508
3,Water,247,366,338,717,496,281
3,Water,296,400,338,1413,770,443
3,Water,296,469,367,1181,747,443
3,Water,280,400,395,1413,1090,637
3,Water,116,195,171,120,199,183
3,Water,214,264,255,485,381,281
3,Water,148,195,171,220,153,86
3,Water,198,298,227,518,701,443
3,Water,181,195,227,253,107,118
3,Water,230,435,423,916,884,702
3,Water,190,256,164,215,82,85
3,Water,190,188,135,181,128,53
3,Water,206,188,164,215,105,85
3,Water,206,222,164,215,82,85
3,Water,222,222,191,281,128,118
3,Water,206,257,192,248,151,118
3,Water,316,440,365,615,494,573
3,Water,249,267,194,247,218,313
3,Water,217,302,194,146,35,117
3,Water,217,233,167,180,149,117
3,Water,267,302,195,214,150,149
3,Water,234,233,195,180,150,117
3,Water,314,468,420,516,610,313
3,Water,232,331,194,216,83,85
3,Water,215,296,223,249,174,85
3,Water,232,296,194,216,151,118
3,Water,215,296,194,183,151,118
3,Water,232,331,195,216,174,85
3,Water,274,268,172,153,198,183
3,Water,241,302,199,186,129,183
3,Water,257,336,256,219,198,118
3,Water,257,302,199,219,129,150
3,Water,273,336,227,219,198,183
3,Water,273,301,199,252,175,150
3,Water,360,469,310,285,200,150
3,Water,360,435,339,252,200,150
3,Water,393,469,310,285,200,150
3,Water,393,469,310,252,222,184
3,Water,360,469,310,285,199,118
3,Water,409,469,310,252,268,248
3,Water,163,244,178,189,108,54
3,Water,163,278,207,189,85,86
3,Water,147,244,178,156,108,86
3,Water,131,210,178,189,130,86
3,Water,163,244,151,156,85,86
3,Water,180,210,151,156,108,86
3,Water,177,243,177,189,130,86
3,Water,193,243,150,123,85,54
3,Water,177,243,178,189,108,54
3,Water,226,243,177,123,108,86
3,Water,226,345,150,189,153,118
3,Water,160,277,150,156,85,86
3,Water,191,233,173,186,130,86
3,Water,174,267,200,219,84,86
3,Water,174,267,173,186,107,54
3,Water,158,233,173,186,107,86
3,Water,158,233,173,186,107,86
3,Water,158,199,144,186,130,54
3,Water,206,337,229,253,153,118
3,Water,223,337,229,253,153,118
3,Water,206,337,229,253,176,118
3,Water,206,337,229,219,153,118
3,Water,255,301,256,253,176,150
3,Water,240,337,256,286,153,86
3,Water,184,230,170,152,61,21
3,Water,201,230,142,218,84,21
3,Water,201,230,198,185,198,118
3,Water,234,195,170,218,84,86
3,Water,217,230,170,152,153,86
3,Water,217,196,142,185,84,54
3,Water,670,1120,880,675,357,247
3,Water,686,1120,880,708,312,247
3,Water,686,1154,880,708,334,247
3,Water,686,1154,880,708,312,279
3,Water,719,1154,880,708,312,247
3,Water,702,1154,909,708,312,279
3,Water,477,747,489,345,198,150
3,Water,461,781,518,345,198,150
3,Water,477,815,462,377,198,150
3,Water,494,815,489,345,198,215
3,Water,510,781,462,377,221,150
3,Water,477,781,489,312,221,118
3,Water,508,641,601,575,380,376
3,Water,490,744,628,575,358,312
3,Water,424,641,572,508,335,312
3,Water,524,710,628,575,358,344
3,Water,457,676,572,542,335,312
3,Water,474,744,657,542,358,312
3,Water,412,574,516,476,266,215
3,Water,412,643,545,608,312,279
3,Water,412,574,489,443,266,182
3,Water,428,608,545,575,266,215
3,Water,311,539,489,443,266,247
3,Water,395,574,516,509,243,215
3,Water,382,472,348,343,358,247
3,Water,399,402,292,343,335,215
3,Water,432,472,348,377,335,279
3,Water,399,437,264,343,289,247
3,Water,399,472,377,343,426,345
3,Water,332,402,292,277,380,279
3,Water,349,507,377,377,266,247
3,Water,299,472,349,310,243,215
3,Water,333,472,321,311,220,182
3,Water,299,438,321,244,198,150
3,Water,383,542,405,377,289,247
3,Water,367,438,349,311,220,118
3,Water,242,432,316,573,585,410
3,Water,275,398,372,573,562,410
3,Water,207,363,201,138,127,150
3,Water,241,362,230,172,104,117
3,Water,257,467,456,673,700,345
3,Water,307,466,428,639,745,442
3,Water,310,434,346,208,151,118
3,Water,277,469,290,275,128,85
3,Water,310,469,346,209,174,118
3,Water,293,469,290,275,151,118
3,Water,293,469,346,242,151,150
3,Water,310,469,318,275,174,118
3,Water,336,613,464,1340,746,506
3,Water,320,579,435,411,335,247
3,Water,354,613,464,777,518,345
3,Water,287,579,350,145,152,182
3,Water,386,613,491,975,746,442
3,Water,320,545,323,212,244,182
3,Water,339,476,324,279,221,183
3,Water,373,512,380,279,221,247
3,Water,323,476,324,279,198,183
3,Water,339,476,380,313,107,150
3,Water,323,476,352,146,244,183
3,Water,339,546,380,279,518,281
3,Water,236,346,243,215,130,86
3,Water,287,380,243,248,130,150
3,Water,236,380,215,215,84,86
3,Water,287,380,243,215,130,118
3,Water,287,380,243,215,107,86
3,Water,287,380,243,215,130,86
3,Water,231,317,303,548,427,345
3,Water,248,386,331,946,427,410
3,Water,265,351,303,614,404,313
3,Water,231,283,246,382,290,183
3,Water,462,661,725,1674,1888,1155
3,Water,281,351,303,1012,678,475
3,Water,788,1172,1004,1011,930,863
3,Water,754,1104,835,416,427,410
3,Water,788,1104,808,283,313,183
3,Water,770,1070,779,283,244,183
3,Water,803,1104,779,250,313,216
3,Water,754,1104,808,283,244,183
4,Urban_Area,1155,1458,1543,2176,2694,2718
4,Urban_Area,991,1321,1488,1978,2236,2425
4,Urban_Area,1138,1526,1711,2243,2649,2523
4,Urban_Area,1105,1389,1432,2176,2534,2523
4,Urban_Area,1025,1526,1740,2606,3449,2847
4,Urban_Area,1074,1661,1990,2704,3563,3107
4,Urban_Area,944,1424,1711,2573,3403,2782
4,Urban_Area,894,1457,1768,2540,3495,2944
4,Urban_Area,900,1357,1768,2770,3562,2976
4,Urban_Area,965,1493,1907,2803,3608,3170
4,Urban_Area,753,1187,1517,2770,3081,2391
4,Urban_Area,867,1323,1795,2901,3516,2748
4,Urban_Area,920,1222,1627,2568,3100,2420
4,Urban_Area,905,1256,1515,2469,2825,2290
4,Urban_Area,856,1188,1432,2469,3077,2452
4,Urban_Area,840,1222,1459,2371,2871,2322
4,Urban_Area,883,1264,1500,3349,3046,2349
4,Urban_Area,949,1434,1835,3151,3321,2609
4,Urban_Area,834,1230,1445,3611,2705,1994
4,Urban_Area,1113,1502,1807,3250,3002,2415
4,Urban_Area,814,1126,1276,2296,2273,1768
4,Urban_Area,912,1229,1416,2362,2295,1929
4,Urban_Area,748,1160,1305,2428,2683,2091
4,Urban_Area,1011,1365,1556,2329,2387,1962
4,Urban_Area,1757,2346,2777,2887,3342,3157
4,Urban_Area,2109,2848,3328,3510,4071,3803
4,Urban_Area,1950,2681,3107,3182,3387,3092
4,Urban_Area,2157,2982,3383,3446,3911,3642
4,Urban_Area,1452,2010,2445,3149,4025,3480
4,Urban_Area,1614,2246,2804,3380,4595,4289
4,Urban_Area,1046,1536,1779,3281,3228,2284
4,Urban_Area,1339,1875,2334,2986,3684,3287
4,Urban_Area,785,1068,1256,2632,2734,2258
4,Urban_Area,965,1376,1619,2698,3283,2680
4,Urban_Area,883,1308,1480,2829,2917,2355
4,Urban_Area,1015,1546,1787,2862,3442,2646
4,Urban_Area,1174,1476,1673,1970,2231,2127
4,Urban_Area,1190,1442,1673,1871,2071,2030
4,Urban_Area,1141,1476,1646,1937,2185,2159
4,Urban_Area,1207,1544,1757,2036,2231,2159
4,Urban_Area,1039,1600,1859,2983,3906,3024
4,Urban_Area,809,1224,1329,2424,3383,2443
4,Urban_Area,957,1497,1664,2884,3678,2766
4,Urban_Area,793,1190,1329,2457,3087,2249
4,Urban_Area,574,908,925,2869,2556,1774
4,Urban_Area,558,976,1009,2704,2625,1808
4,Urban_Area,558,976,954,3133,2328,1742
4,Urban_Area,656,1010,1206,2836,2739,2262
4,Urban_Area,1010,1253,1430,1678,1685,1610
4,Urban_Area,946,1219,1319,1478,1799,1546
4,Urban_Area,865,1151,1319,1511,1365,1351
4,Urban_Area,896,1117,1235,1445,1160,1221
4,Urban_Area,848,1288,1487,2470,2667,2065
4,Urban_Area,735,1083,1291,2140,2690,1870
4,Urban_Area,751,1050,1207,2470,2576,2000
4,Urban_Area,637,947,1040,2470,2302,1578
4,Urban_Area,1651,2023,2233,2368,3694,3783
4,Urban_Area,1635,1956,1983,2105,3305,3491
4,Urban_Area,1618,1887,1983,2138,3146,3264
4,Urban_Area,1667,2090,2178,2270,3534,3556
4,Urban_Area,904,1336,1643,2958,3872,3066
4,Urban_Area,741,1063,1363,2794,3005,2191
4,Urban_Area,1004,1438,1811,3024,3644,3000
4,Urban_Area,741,1097,1363,2860,2914,2127
4,Urban_Area,732,1058,1306,2825,2867,2028
4,Urban_Area,749,1093,1277,2726,2389,1834
4,Urban_Area,765,1230,1446,2891,2867,2125
4,Urban_Area,781,1264,1585,3022,2707,2060
4,Urban_Area,1245,1641,1976,2430,2890,2806
4,Urban_Area,1146,1573,1837,2166,2572,2482
4,Urban_Area,1763,2317,2532,2859,3597,3582
4,Urban_Area,1049,1470,1781,2166,2686,2547
4,Urban_Area,1062,1434,1807,2493,3388,3094
4,Urban_Area,947,1468,1752,2559,2820,2414
4,Urban_Area,1029,1468,1723,2757,3298,3029
4,Urban_Area,914,1264,1445,2263,2751,2447
4,Urban_Area,593,891,915,2065,2796,1897
4,Urban_Area,626,959,1055,2065,2932,2058
4,Urban_Area,626,925,971,1999,2865,1929
4,Urban_Area,691,959,1055,2032,2955,2026
4,Urban_Area,823,1096,1251,1836,1749,1445
4,Urban_Area,790,1062,1111,2429,1589,1283
4,Urban_Area,839,1199,1306,2461,2182,1800
4,Urban_Area,757,1028,1028,2758,1772,1347
4,Urban_Area,1387,1849,2118,2694,3141,2675
4,Urban_Area,1226,1782,2034,2595,3141,2837
4,Urban_Area,1015,1442,1645,2332,3209,2546
4,Urban_Area,1371,1883,2145,2759,3095,2675
4,Urban_Area,2380,2859,2923,2960,2437,2127
4,Urban_Area,2412,2893,3006,3058,2528,2192
4,Urban_Area,1854,1985,2091,2202,2094,1997
4,Urban_Area,1886,2120,2258,2367,2185,1965
4,Urban_Area,685,1033,1115,2201,2550,1834
4,Urban_Area,717,1033,1142,2498,2504,1738
4,Urban_Area,783,1170,1282,2432,2915,2256
4,Urban_Area,750,1135,1226,2432,2527,1932
4,Urban_Area,858,1123,1190,3044,2540,1796
4,Urban_Area,679,952,1022,3143,2676,1731
4,Urban_Area,925,1394,1580,2848,2994,2086
4,Urban_Area,629,952,1078,2750,3040,2118
4,Urban_Area,1047,1560,1800,2716,3380,2602
4,Urban_Area,1112,1730,1938,2617,3448,2666
4,Urban_Area,947,1424,1744,2584,3448,2763
4,Urban_Area,1112,1594,1911,2683,3539,2892
4,Urban_Area,743,1072,1311,2629,3324,2352
4,Urban_Area,825,1242,1395,2629,3073,2060
4,Urban_Area,694,1106,1228,2728,3141,2190
4,Urban_Area,923,1343,1563,2563,2913,2093
4,Urban_Area,519,863,808,3228,2006,1416
4,Urban_Area,570,828,835,2733,1777,1091
4,Urban_Area,586,898,976,2568,2257,1546
4,Urban_Area,702,1034,1060,2667,2371,1546
4,Urban_Area,408,623,638,1903,1795,1186
4,Urban_Area,408,589,610,1936,1703,1024
4,Urban_Area,375,589,582,1936,1544,959
4,Urban_Area,474,657,723,2001,1818,1121
4,Urban_Area,1161,1536,1834,2854,3251,2575
4,Urban_Area,981,1469,1752,2887,3251,2575
4,Urban_Area,948,1435,1807,2658,3297,2640
4,Urban_Area,1063,1536,1890,2821,3479,2802
4,Urban_Area,868,1264,1528,2819,3362,2605
4,Urban_Area,884,1264,1472,2688,3157,2476
4,Urban_Area,835,1332,1499,2984,3430,2637
4,Urban_Area,786,1195,1221,2623,3362,2573
4,Urban_Area,849,1339,1643,2757,3342,2285
4,Urban_Area,767,1237,1420,2724,3388,2446
4,Urban_Area,963,1407,1755,2790,3685,2705
4,Urban_Area,865,1339,1643,2757,3388,2478
4,Urban_Area,884,1306,1449,2857,3322,2351
4,Urban_Area,851,1340,1533,2857,3573,2706
4,Urban_Area,720,1102,1253,2758,3344,2222
4,Urban_Area,851,1238,1449,2956,3754,2803
4,Urban_Area,937,1155,1273,1534,1722,1862
4,Urban_Area,969,1360,1440,1830,2133,2023
4,Urban_Area,789,1018,1161,1237,1563,1571
4,Urban_Area,953,1223,1356,1632,1336,1344
4,Urban_Area,842,1064,1224,1440,1704,1284
4,Urban_Area,727,927,1028,1308,1407,1121
4,Urban_Area,760,927,916,878,1134,1219
4,Urban_Area,711,756,776,778,587,733
4,Urban_Area,1351,1813,2144,3054,4256,3645
4,Urban_Area,1335,1847,2172,3021,4393,3613
4,Urban_Area,1399,1915,2172,3120,4757,3743
4,Urban_Area,1432,1949,2311,3186,4530,4001
4,Urban_Area,922,1334,1529,2919,3364,2607
4,Urban_Area,906,1402,1612,3117,3295,2607
4,Urban_Area,1036,1504,1696,3018,3478,2768
4,Urban_Area,1020,1504,1780,2985,3705,2833
4,Urban_Area,1315,1608,1641,1966,2089,1864
4,Urban_Area,1348,1540,1641,1900,2067,1929
4,Urban_Area,1022,1403,1641,2361,2204,1832
4,Urban_Area,973,1369,1614,2262,2318,1993
4,Urban_Area,602,888,941,2033,2183,1639
4,Urban_Area,584,854,857,2000,2114,1510
4,Urban_Area,618,888,941,1868,2501,1866
4,Urban_Area,568,819,857,1868,2320,1704
4,Urban_Area,961,1466,1666,3049,3294,2573
4,Urban_Area,1109,1601,1916,2786,3726,3122
4,Urban_Area,1028,1466,1666,2918,3635,3025
4,Urban_Area,1141,1669,2028,2753,3704,3187
4,Urban_Area,1559,1600,1722,2656,2454,3189
4,Urban_Area,1397,1328,1471,2591,2248,3028
4,Urban_Area,1591,2210,2527,3116,3182,3221
4,Urban_Area,1624,1804,2028,2887,2909,3350
4,Urban_Area,1588,2285,2755,3418,3986,3454
4,Urban_Area,1443,2049,2505,3188,3622,3098
4,Urban_Area,1183,1710,2006,2827,3119,2126
4,Urban_Area,1134,1710,2033,2695,2641,2256
4,Urban_Area,1539,2048,2587,2989,3574,3323
4,Urban_Area,1442,2048,2532,2989,3461,3194
4,Urban_Area,1378,1946,2310,2793,3642,3485
4,Urban_Area,1442,2048,2532,3022,3461,3323
4,Urban_Area,2275,3287,3691,4009,5102,4845
4,Urban_Area,1634,2350,2809,3253,4236,3971
4,Urban_Area,1811,2283,2837,3450,4167,4100
4,Urban_Area,1424,2014,2448,2957,3575,3485
4,Urban_Area,1336,1304,1477,2628,2914,2709
4,Urban_Area,1448,1270,1449,2859,3232,3129
4,Urban_Area,1836,1441,1561,3188,3643,3810
4,Urban_Area,2139,1678,1811,3681,4419,4780
4,Urban_Area,1000,1266,1363,1869,2046,1834
4,Urban_Area,984,1231,1334,1372,1499,1478
4,Urban_Area,1098,1403,1642,2034,2182,1995
4,Urban_Area,1098,1335,1530,1935,1795,1737
4,Urban_Area,20000,6192,6598,6782,4553,2319
4,Urban_Area,20000,6000,6275,6457,4462,2319
4,Urban_Area,20000,5548,5925,6099,4235,2319
4,Urban_Area,20000,6192,6544,6945,4485,2352
4,Urban_Area,839,1302,1476,2529,2526,1899
4,Urban_Area,692,961,1140,2332,2253,1672
4,Urban_Area,937,1165,1308,2299,2571,2029
4,Urban_Area,921,1336,1531,2496,2367,1899
4,Urban_Area,973,1320,1543,1911,2236,2165
4,Urban_Area,1072,1422,1598,1911,2396,2231
4,Urban_Area,973,1320,1571,1878,2328,2231
4,Urban_Area,1006,1320,1571,1878,2236,2133
4,Urban_Area,613,901,949,2168,2824,1834
4,Urban_Area,547,901,921,2234,2732,1705
4,Urban_Area,580,935,921,2201,2801,1802
4,Urban_Area,564,935,921,2168,2801,1770
4,Urban_Area,1005,1447,1703,2598,3212,2645
4,Urban_Area,1265,1548,1703,2400,2505,2451
4,Urban_Area,1037,1514,1731,2499,3052,2549
4,Urban_Area,1297,1820,1982,2400,2893,2549
4,Urban_Area,2977,3479,3767,4101,3274,2090
4,Urban_Area,2678,3147,3355,3675,3046,2123
4,Urban_Area,20000,4795,5403,5701,4024,2381
4,Urban_Area,2329,3180,3629,3741,2954,2090
1,Bare_Soil,1010,1456,1797,2778,3920,3179
1,Bare_Soil,961,1490,1797,2811,3943,3274
1,Bare_Soil,945,1456,1769,2712,3875,3114
1,Bare_Soil,928,1422,1741,2680,3852,3210
1,Bare_Soil,830,1286,1602,2450,3603,2856
1,Bare_Soil,830,1252,1547,2450,3626,2921
1,Bare_Soil,854,1257,1496,2126,3815,3186
1,Bare_Soil,838,1223,1496,2159,3769,3153
1,Bare_Soil,870,1223,1496,2126,3838,3153
1,Bare_Soil,837,1291,1496,2192,3838,3153
1,Bare_Soil,820,1223,1496,2126,3815,3121
1,Bare_Soil,853,1257,1524,2192,3815,3186
